first_name,last_name,email
Rebbecca,Didio,rebbecca.didio@didio.com.au
Stevie,Hallo,stevie.hallo@hotmail.com
Mariko,Stayer,mariko_stayer@hotmail.com
Gerardo,Woodka,gerardo_woodka@hotmail.com
Mayra,Bena,mayra.bena@gmail.com
Idella,Scotland,idella@hotmail.com
Sherill,Klar,sklar@hotmail.com
Ena,Desjardiws,ena_desjardiws@desjardiws.com.au
Vince,Siena,vince_siena@yahoo.com
Theron,Jarding,tjarding@hotmail.com
Amira,Chudej,amira.chudej@chudej.net.au
Marica,Tarbor,marica.tarbor@hotmail.com
Shawna,Albrough,shawna.albrough@albrough.com.au
Paulina,Maker,paulina_maker@maker.net.au
Rose,Jebb,rose@jebb.net.au
Reita,Tabar,rtabar@hotmail.com
Maybelle,Bewley,mbewley@yahoo.com
Camellia,Pylant,camellia_pylant@gmail.com
Roy,Nybo,rnybo@nybo.net.au
Albert,Sonier,albert.sonier@gmail.com
Hayley,Taghon,htaghon@taghon.net.au
Norah,Daleo,ndaleo@daleo.net.au
Rosina,Sidhu,rosina_sidhu@gmail.com
Royal,Costeira,royal_costeira@costeira.com.au
Barrie,Nicley,bnicley@nicley.com.au
Linsey,Gedman,lgedman@gedman.net.au
Laura,Bourbonnais,laura.bourbonnais@yahoo.com
Fanny,Stoneking,fstoneking@hotmail.com
Kristian,Ellerbusch,kristian@yahoo.com
Gwen,Julye,gjulye@hotmail.com
Ben,Majorga,ben.majorga@hotmail.com
Trina,Oto,trina@oto.com.au
Emelda,Geffers,emelda.geffers@gmail.com
Zana,Ploszaj,zana_ploszaj@ploszaj.net.au
Shaun,Rael,shaun.rael@rael.com.au
Oren,Lobosco,olobosco@hotmail.com
Catherin,Aguele,caguele@gmail.com
Pearlene,Boudrie,pboudrie@boudrie.net.au
Kathryn,Bonalumi,kathryn.bonalumi@yahoo.com
Suzan,Landa,suzan.landa@gmail.com
Sommer,Agar,sagar@agar.net.au
Keena,Rebich,krebich@rebich.net.au
Rupert,Hinkson,rupert_hinkson@hinkson.net.au
Aleta,Poarch,apoarch@gmail.com
Jamal,Korczynski,jamal_korczynski@gmail.com
Luz,Broccoli,luz_broccoli@hotmail.com
Janessa,Ruthers,janessa@yahoo.com
Lavonne,Esco,lavonne.esco@yahoo.com
Honey,Lymaster,honey_lymaster@lymaster.net.au
Jean,Cecchinato,jean.cecchinato@gmail.com
Katlyn,Flitcroft,kflitcroft@hotmail.com
Cassie,Soros,csoros@gmail.com
Rolf,Gene,rolf_gene@gene.com.au
Darnell,Moothart,darnell_moothart@yahoo.com
Cherilyn,Fraize,cherilyn_fraize@fraize.net.au
Lynda,Lazzaro,lynda.lazzaro@gmail.com
Leigha,Capelli,leigha.capelli@capelli.com.au
Delfina,Binnie,delfina_binnie@binnie.net.au
Carlota,Gephardt,carlota.gephardt@gephardt.com.au
Alida,Helger,alida@helger.com.au
Donte,Resureccion,donte.resureccion@yahoo.com
Lou,Kriner,lou.kriner@hotmail.com
Dortha,Vrieze,dortha@vrieze.net.au
Genevive,Sanborn,genevive@hotmail.com
Alease,Strawbridge,alease_strawbridge@strawbridge.com.au
Veda,Mishkin,veda.mishkin@mishkin.com.au
Craig,Vandersloot,craig_vandersloot@yahoo.com
Lauran,Tovmasyan,ltovmasyan@tovmasyan.net.au
Aaron,Kloska,aaron_kloska@kloska.net.au
Francene,Skursky,francene.skursky@skursky.net.au
Zena,Daria,zdaria@gmail.com
Brigette,Breckenstein,brigette@breckenstein.com.au
Jeniffer,Jezek,jeniffer@gmail.com
Selma,Elm,selm@elm.net.au
Elenora,Handler,ehandler@yahoo.com
Nadine,Okojie,nadine.okojie@okojie.com.au
Kristin,Shiflet,kristin@hotmail.com
Melinda,Fellhauer,melinda_fellhauer@fellhauer.com.au
Kirby,Litherland,kirby.litherland@hotmail.com
Kent,Ivans,kent_ivans@yahoo.com
Dan,Platz,dan_platz@hotmail.com
Millie,Pirkl,millie_pirkl@gmail.com
Moira,Qadir,moira.qadir@gmail.com
Reta,Qazi,reta.qazi@yahoo.com
Brittney,Lolley,brittney@lolley.net.au
Leandro,Bolka,leandro_bolka@hotmail.com
Edison,Sumera,edison.sumera@sumera.net.au
Breana,Cassi,breana@yahoo.com
Jarvis,Nicols,jarvis@gmail.com
Felicitas,Orlinski,felicitas_orlinski@orlinski.com.au
Geraldine,Neisius,geraldine@gmail.com
Alfred,Pacleb,alfred@pacleb.net.au
Leatha,Block,leatha_block@gmail.com
Jacquelyne,Rosso,jacquelyne.rosso@yahoo.com
Jonelle,Epps,jepps@hotmail.com
Rosamond,Amlin,rosamond.amlin@gmail.com
Johnson,Mcenery,johnson@gmail.com
Elliot,Scatton,elliot.scatton@hotmail.com
Gerri,Perra,gerri@yahoo.com
Rosendo,Jelsma,rosendo_jelsma@hotmail.com
Eveline,Brickhouse,eveline@yahoo.com
Laurene,Bennett,laurene_bennett@gmail.com
Tegan,Ebershoff,tegan_ebershoff@hotmail.com
Tracie,Huro,thuro@gmail.com
Mertie,Kazeck,mertie.kazeck@kazeck.com.au
Clare,Bortignon,clare_bortignon@hotmail.com
Rebeca,Baley,rebeca_baley@hotmail.com
Nilsa,Pawell,npawell@pawell.net.au
Samuel,Arellanes,samuel.arellanes@arellanes.net.au
Ivette,Servantes,ivette_servantes@servantes.com.au
Merrilee,Fajen,merrilee@fajen.net.au
Gianna,Eilers,gianna@yahoo.com
Hyman,Phinazee,hphinazee@yahoo.com
Buck,Pascucci,buck@yahoo.com
Kenny,Leicht,kenny@leicht.com.au
Tabetha,Bai,tabetha.bai@gmail.com
Alonso,Popper,alonso_popper@hotmail.com
Alonzo,Polek,alonzo_polek@polek.net.au
Son,Magnotta,son.magnotta@magnotta.net.au
Jesusita,Druck,jesusita@druck.net.au
Annice,Kunich,annice_kunich@kunich.net.au
Delila,Buchman,delila.buchman@hotmail.com
Iraida,Sionesini,iraida.sionesini@yahoo.com
Alona,Driesenga,alona_driesenga@hotmail.com
Lajuana,Vonderahe,lajuana.vonderahe@yahoo.com
Madelyn,Maestri,madelyn.maestri@yahoo.com
Louann,Susmilch,louann_susmilch@yahoo.com
William,Devol,wdevol@devol.net.au
Corazon,Grafenstein,cgrafenstein@gmail.com
Fairy,Burket,fairy_burket@burket.com.au
Lashawn,Urion,lurion@yahoo.com
Ronald,Gayner,rgayner@hotmail.com
Shizue,Hayduk,shayduk@gmail.com
Nida,Fitz,nfitz@hotmail.com
Amos,Limberg,alimberg@limberg.com.au
Dexter,Prosienski,dexter@prosienski.net.au
Ludivina,Calamarino,lcalamarino@yahoo.com
Ariel,Stavely,ariel_stavely@stavely.com.au
Haley,Vaughn,haley_vaughn@vaughn.net.au
Raelene,Legeyt,raelene@gmail.com
Micaela,Shiflett,micaela_shiflett@shiflett.com.au
Alpha,Prudhomme,aprudhomme@hotmail.com
Zack,Warman,zwarman@gmail.com
Wilford,Pata,wilford_pata@pata.net.au
Carman,Robasciotti,carman_robasciotti@hotmail.com
Carylon,Bayot,carylon@gmail.com
Gladys,Schmale,gschmale@schmale.net.au
Matilda,Peleg,matilda.peleg@hotmail.com
Jacklyn,Wojnar,jacklyn@hotmail.com
Tashia,Charney,tashia.charney@charney.net.au
Dorian,Eischens,deischens@gmail.com
Jesus,Merkt,jesus_merkt@merkt.net.au
Brandee,Svoboda,brandee_svoboda@svoboda.net.au
Edda,Mcquaide,emcquaide@yahoo.com
Felix,Bumby,felix.bumby@bumby.com.au
Ben,Kellman,ben_kellman@kellman.net.au
Mickie,Upton,mickie.upton@yahoo.com
Phung,Krome,pkrome@yahoo.com
Lashonda,Langanke,lashonda@langanke.net.au
Patria,Popa,patria.popa@gmail.com
Nidia,Horr,nidia@gmail.com
Skye,Culcasi,skye_culcasi@hotmail.com
Kanisha,Reyelts,kreyelts@yahoo.com
Hector,Barras,hector.barras@barras.com.au
Stefan,Mongolo,stefan_mongolo@mongolo.net.au
Francoise,Byon,francoise@hotmail.com
Lindy,Vandermeer,lindy@vandermeer.com.au
Arthur,Diniz,arthur@gmail.com
Nicholle,Hulme,nicholle_hulme@hulme.com.au
Tijuana,Mesch,tijuana_mesch@gmail.com
Lorenza,Schoenleber,lorenza.schoenleber@schoenleber.com.au
Iola,Baird,ibaird@baird.net.au
Sang,Weigner,sweigner@gmail.com
Leonor,Prez,lprez@prez.com.au
Silvana,Whelpley,swhelpley@yahoo.com
Anthony,Stever,anthony.stever@hotmail.com
Wenona,Carmel,wenona@gmail.com
Isadora,Yurick,iyurick@hotmail.com
Mose,Vonseggern,mose_vonseggern@hotmail.com
Marci,Aveline,marci.aveline@hotmail.com
Michel,Hoyne,michel@hoyne.com.au
Stephania,Connon,stephania.connon@connon.com.au
Charolette,Turk,cturk@yahoo.com
Katie,Magro,katie_magro@gmail.com
Inocencia,Angeron,inocencia.angeron@angeron.net.au
Nikita,Novosel,nikita_novosel@novosel.net.au
Malcolm,Gohlke,malcolm@yahoo.com
Desiree,Englund,denglund@gmail.com
Holley,Worland,holley.worland@hotmail.com
Maryann,Tates,mtates@yahoo.com
Ling,Dibello,ling_dibello@yahoo.com
Hailey,Kopet,hailey_kopet@kopet.com.au
Farrah,Malboeuf,farrah@malboeuf.com.au
Candra,Deritis,candra@deritis.net.au
Reuben,Hegland,reuben@yahoo.com
Anglea,Andrion,anglea.andrion@andrion.com.au
Paris,Tuccio,paris.tuccio@hotmail.com
Latricia,Schmoyer,latricia_schmoyer@hotmail.com
Jeffrey,Leuenberger,jleuenberger@yahoo.com
Dean,Vollstedt,dvollstedt@vollstedt.com.au
Deane,Haag,dhaag@hotmail.com
Edelmira,Pedregon,edelmira_pedregon@hotmail.com
Andrew,Keks,andrew@gmail.com
Miesha,Decelles,mdecelles@decelles.net.au
Javier,Osmer,javier@osmer.com.au
Kizzy,Stangle,kizzy.stangle@yahoo.com
Sharan,Wodicka,sharan@wodicka.net.au
Novella,Fritch,nfritch@fritch.com.au
German,Dones,german@gmail.com
Robt,Blanck,robt.blanck@yahoo.com
Rossana,Biler,rossana.biler@biler.net.au
Henriette,Gish,henriette.gish@gish.net.au
Buffy,Stitely,buffy_stitely@stitely.com.au
Christiane,Osmanski,christiane@gmail.com
Annamae,Lothridge,alothridge@hotmail.com
Vanesa,Glockner,vanesa@glockner.com.au
Gennie,Pastorino,gennie.pastorino@gmail.com
Tamra,Kenfield,tkenfield@kenfield.com.au
Tien,Kinney,tien_kinney@kinney.com.au
Malcom,Leja,malcom@leja.com.au
Claudia,Gawrych,claudia@gmail.com
Page,Entzi,page@entzi.net.au
Lorita,Roches,lorita_roches@roches.net.au
Annita,Lek,annita.lek@lek.net.au
Eliseo,Mikovec,emikovec@mikovec.com.au
Tyisha,Layland,tyisha@yahoo.com
Colene,Tolbent,colene.tolbent@tolbent.net.au
Francis,Senters,fsenters@gmail.com
Hester,Dollins,hester_dollins@gmail.com
Susana,Baumgarter,susana.baumgarter@yahoo.com
Dahlia,Tummons,dahlia.tummons@gmail.com
Osvaldo,Falvey,osvaldo.falvey@yahoo.com
Armando,Barkley,armando.barkley@yahoo.com
Torie,Deras,torie_deras@yahoo.com
Tamie,Hollimon,tamie@hollimon.com.au
Lettie,Hessenthaler,lettie_hessenthaler@hessenthaler.net.au
Chaya,Muhlbauer,chaya_muhlbauer@muhlbauer.net.au
Terina,Wildeboer,terina_wildeboer@wildeboer.com.au
Lisbeth,Agney,lisbeth.agney@agney.net.au
Lillian,Dominique,lillian@hotmail.com
Corrina,Lindblom,clindblom@gmail.com
Dylan,Chaleun,dylan_chaleun@hotmail.com
Jerrod,Luening,jerrod_luening@luening.com.au
Gracie,Vicente,gracie.vicente@hotmail.com
Barabara,Amedro,barabara@amedro.net.au
Delsie,Ducos,dducos@hotmail.com
Cassie,Digregorio,cdigregorio@digregorio.net.au
Tamekia,Kajder,tamekia_kajder@yahoo.com
Johanna,Saffer,johanna@yahoo.com
Sharita,Kruk,sharita_kruk@gmail.com
Gerald,Chrusciel,gerald@chrusciel.net.au
Ardella,Dieterich,ardella.dieterich@yahoo.com
Jackie,Kellebrew,jackie.kellebrew@kellebrew.com.au
Mabelle,Ramero,mabelle.ramero@ramero.net.au
Jonell,Biasi,jbiasi@biasi.net.au
Linwood,Wessner,linwood.wessner@hotmail.com
Samira,Heninger,sheninger@yahoo.com
Julieta,Cropsey,julieta@yahoo.com
Serita,Barthlow,serita_barthlow@gmail.com
Tori,Tepley,tori@tepley.net.au
Nancey,Whal,nancey@whal.net.au
Wilbert,Beckes,wilbert@hotmail.com
Werner,Hermens,whermens@hermens.net.au
Sunny,Catton,scatton@catton.com.au
Keva,Moehring,keva.moehring@moehring.net.au
Mary,Dingler,mary.dingler@gmail.com
Huey,Bukovac,huey.bukovac@hotmail.com
Antonio,Eighmy,antonio.eighmy@yahoo.com
Quinn,Weissbrodt,qweissbrodt@weissbrodt.com.au
Carin,Georgiades,cgeorgiades@gmail.com
Jill,Davoren,jill_davoren@davoren.net.au
Sanjuana,Goodness,sgoodness@goodness.net.au
Elin,Koerner,elin_koerner@koerner.com.au
Charlena,Decamp,charlena@gmail.com
Annette,Breyer,abreyer@hotmail.com
Alexis,Morguson,amorguson@morguson.com.au
Princess,Saffo,princess_saffo@hotmail.com
Ashton,Sutherburg,asutherburg@gmail.com
Elmer,Redlon,elmer@hotmail.com
Aliza,Akiyama,aliza@yahoo.com
Ora,Handrick,ora.handrick@gmail.com
Brent,Ahlborn,bahlborn@ahlborn.com.au
Tora,Telch,tora@telch.net.au
Hildred,Eilbeck,hildred_eilbeck@eilbeck.net.au
Dante,Freiman,dante_freiman@freiman.net.au
Emmanuel,Avera,emmanuel@yahoo.com
Keshia,Wasp,kwasp@wasp.net.au
Sherman,Mahmud,sherman@mahmud.com.au
Lore,Brothers,lore@hotmail.com
Shawn,Weibe,shawn@hotmail.com
Karima,Cheever,karima_cheever@hotmail.com
Francesco,Kloos,fkloos@kloos.com.au
King,Picton,king@hotmail.com
Mica,Simco,msimco@gmail.com
Lamonica,Princiotta,lamonica@hotmail.com
Curtis,Ware,curtis@ware.net.au
Sabrina,Rabena,sabrina_rabena@hotmail.com
Denae,Saeteun,denae_saeteun@hotmail.com
Anastacia,Carranzo,anastacia@yahoo.com
Irving,Plocica,irving@hotmail.com
Elenor,Siefken,elenor.siefken@yahoo.com
Mary,Irene,mirene@gmail.com
Crista,Padua,crista_padua@gmail.com
Lawana,Yuasa,lawana_yuasa@yuasa.net.au
Maryrose,Cove,mcove@hotmail.com
Lindsey,Rathmann,lindsey_rathmann@rathmann.com.au
Lynelle,Koury,lynelle.koury@koury.net.au
Brice,Bogacz,bbogacz@hotmail.com
Laine,Killean,laine@gmail.com
Rachael,Crawley,rachael@gmail.com
Della,Selestewa,della.selestewa@gmail.com
Thomasena,Graziosi,thomasena@gmail.com
Frederic,Schimke,fschimke@schimke.com.au
Halina,Dellen,halina.dellen@dellen.com.au
Ryann,Riston,ryann@hotmail.com
Shawn,Vugteveen,svugteveen@vugteveen.net.au
Leah,Milsap,leah@milsap.com.au
Ira,Zihal,ira.zihal@yahoo.com
Paris,Kinnison,paris.kinnison@gmail.com
Shayne,Sundahl,shayne.sundahl@gmail.com
Ernestine,Paavola,ernestine.paavola@paavola.com.au
Eleonore,Everline,eeverline@hotmail.com
Misty,Leriche,mleriche@yahoo.com
Na,Hodges,na_hodges@hotmail.com
Juan,Knudtson,juan@gmail.com
Gerald,Kloepper,gerald@yahoo.com
Desmond,Tarkowski,desmond_tarkowski@hotmail.com
Tommy,Gennusa,tommy@hotmail.com
Adrianna,Poncio,adrianna@poncio.com.au
Adaline,Galagher,adaline.galagher@galagher.com.au
Tammi,Schiavi,tammi.schiavi@hotmail.com
Virgilio,Phay,vphay@phay.com.au
Emeline,Sotelo,emeline@gmail.com
Marcos,Seniff,marcos_seniff@gmail.com
Yuonne,Carabajal,ycarabajal@carabajal.com.au
Gladis,Kazemi,gkazemi@kazemi.net.au
Muriel,Drozdowski,muriel_drozdowski@hotmail.com
Juliann,Dammeyer,juliann@gmail.com
Reiko,Dejarme,rdejarme@dejarme.net.au
Verdell,Garness,verdell.garness@yahoo.com
Arleen,Kane,arleen.kane@hotmail.com
Launa,Vanauken,launa@gmail.com
Casandra,Gordis,casandra_gordis@gordis.com.au
Julio,Puccini,julio@gmail.com
Alica,Alerte,aalerte@alerte.com.au
Karol,Sarkissian,ksarkissian@yahoo.com
Wava,Ochs,wava.ochs@gmail.com
Felicitas,Gong,fgong@gong.com.au
Jamie,Kushnir,jamie@kushnir.net.au
Fidelia,Dampier,fidelia_dampier@gmail.com
Kris,Medich,kris.medich@hotmail.com
Lashawna,Filan,lashawna.filan@filan.net.au
Lachelle,Andrzejewski,lachelle.andrzejewski@andrzejewski.com.au
Katy,Saltourides,katy_saltourides@yahoo.com
Bettyann,Fernades,bettyann@fernades.com.au
Valda,Levay,vlevay@levay.net.au
Lynette,Beaureguard,lynette.beaureguard@hotmail.com
Victor,Laroia,victor@laroia.net.au
Pa,Badgero,pa_badgero@badgero.com.au
Dorathy,Miskelly,dorathy.miskelly@gmail.com
Rodrigo,Schuh,rodrigo_schuh@gmail.com
Stanford,Waganer,stanford_waganer@waganer.net.au
Michael,Orehek,michael_orehek@gmail.com
Ines,Tokich,ines_tokich@tokich.net.au
Dorinda,Markoff,dorinda_markoff@hotmail.com
Clarence,Gabbert,clarence.gabbert@gmail.com
Omer,Radel,omer_radel@radel.net.au
Winifred,Kingshott,winifred.kingshott@yahoo.com
Theresia,Salomone,theresia_salomone@gmail.com
Daisy,Kearsey,dkearsey@yahoo.com
Aretha,Bodle,aretha_bodle@hotmail.com
Bettina,Diciano,bdiciano@diciano.com.au
Omega,Mangino,omega.mangino@hotmail.com
Dana,Vock,dana_vock@yahoo.com
Naomi,Tuamoheloa,naomi@yahoo.com
Luis,Yerry,luis@hotmail.com
Dominga,Barchacky,dominga.barchacky@hotmail.com
Isreal,Calizo,isreal_calizo@gmail.com
Myrtie,Korba,mkorba@hotmail.com
Jodi,Naifeh,jodi@hotmail.com
Pearly,Hedstrom,pearly@gmail.com
Aileen,Menez,aileen_menez@menez.net.au
Glory,Carlo,glory_carlo@gmail.com
Kathrine,Francoise,kathrine@yahoo.com
Domingo,Mckale,domingo_mckale@mckale.net.au
Julian,Laprade,jlaprade@laprade.net.au
Marylou,Lofts,marylou_lofts@lofts.com.au
Louis,Brueck,louis.brueck@brueck.net.au
Ellsworth,Guenther,eguenther@hotmail.com
Wilburn,Lary,wlary@lary.net.au
Arlie,Borra,arlie.borra@gmail.com
Alysa,Lehoux,alysa@hotmail.com
Marilynn,Herrera,marilynn.herrera@herrera.net.au
Scot,Jarva,scot.jarva@jarva.com.au
Adelaide,Ender,aender@gmail.com
Jackie,Borchelt,jackie_borchelt@hotmail.com
Carli,Bame,carli@yahoo.com
Coletta,Thro,coletta.thro@thro.net.au
Katheryn,Lamers,katheryn_lamers@gmail.com
Santos,Wisenbaker,swisenbaker@wisenbaker.net.au
Kimberely,Weyman,kweyman@weyman.com.au
Earlean,Suffern,earlean.suffern@suffern.net.au
Dannette,Heimbaugh,dannette@gmail.com
Odelia,Hutchin,odelia.hutchin@hutchin.com.au
Lina,Schwiebert,lina@yahoo.com
Fredric,Johanningmeie,fredric@hotmail.com
Alfreda,Delsoin,adelsoin@yahoo.com
Bernadine,Elamin,bernadine_elamin@yahoo.com
Ming,Thaxton,mthaxton@gmail.com
Gracia,Pecot,gpecot@hotmail.com
Yuette,Metevelis,yuette.metevelis@metevelis.net.au
Yuriko,Kazarian,yuriko_kazarian@gmail.com
Hyman,Hegeman,hyman@hotmail.com
Linette,Summerfield,linette.summerfield@hotmail.com
Jospeh,Couzens,jospeh.couzens@couzens.com.au
Anna,Ovit,anna.ovit@hotmail.com
Shawnta,Woodhams,shawnta@woodhams.com.au
Ettie,Luckenbach,ettie@yahoo.com
Chara,Leveston,cleveston@gmail.com
Lauran,Huntsberger,lhuntsberger@huntsberger.net.au
Pansy,Todesco,pansy_todesco@gmail.com
Georgeanna,Silverstone,georgeanna@silverstone.net.au
Jesus,Liversedge,jesus.liversedge@hotmail.com
Jamey,Tetter,jamey.tetter@gmail.com
Alberta,Motter,alberta_motter@hotmail.com
Ronald,Grube,ronald.grube@yahoo.com
Tamala,Hickie,tamala_hickie@yahoo.com
Gerry,Mohrmann,gerry_mohrmann@mohrmann.net.au
Isaiah,Kueter,ikueter@kueter.com.au
Magnolia,Overbough,moverbough@overbough.com.au
Ngoc,Guglielmina,ngoc_guglielmina@hotmail.com
Julene,Lauretta,julene.lauretta@gmail.com
Magda,Lindbeck,magda_lindbeck@yahoo.com
Shantell,Lizama,shantell.lizama@gmail.com
Audria,Piccinich,audria.piccinich@gmail.com
Nickole,Derenzis,nderenzis@hotmail.com
Grover,Reynolds,grover.reynolds@gmail.com
Rocco,Bergstrom,rocco@yahoo.com
Ethan,Quintero,ethan_quintero@quintero.com.au
Glynda,Sanzenbacher,glynda@sanzenbacher.com.au
Yolande,Scrimsher,yolande@yahoo.com
Twanna,Sieber,twanna@yahoo.com
Rosenda,Petteway,rosenda@gmail.com
Lacey,Francis,lacey.francis@francis.net.au
Cordie,Meikle,cordie.meikle@hotmail.com
Annalee,Graleski,annalee.graleski@hotmail.com
Dana,Ladeau,dana@ladeau.net.au
Wai,Raddle,wai.raddle@raddle.com.au
Johana,Conquest,johana@conquest.net.au
Tomas,Fults,tomas_fults@fults.net.au
Karon,Etzler,karon@hotmail.com
Delbert,Houben,delbert.houben@hotmail.com
Ashleigh,Rimmer,ashleigh.rimmer@hotmail.com
Nenita,Mckenna,nmckenna@yahoo.com
Micah,Shear,mshear@hotmail.com
Stefany,Figueras,stefany@figueras.net.au
Rene,Burnsworth,rene@burnsworth.net.au
Cary,Orazine,cary.orazine@hotmail.com
Micheal,Ocken,micheal.ocken@ocken.net.au
Frederick,Tamburello,frederick.tamburello@hotmail.com
Burma,Noa,burma.noa@gmail.com
Cherry,Roh,cherry_roh@yahoo.com
Gabriele,Frabotta,gabriele_frabotta@gmail.com
Clement,Chee,clement@hotmail.com
Beckie,Apodace,bapodace@gmail.com
Catrice,Fowlkes,cfowlkes@hotmail.com
Richelle,Remillard,richelle.remillard@remillard.net.au
Cherri,Miccio,cherri_miccio@gmail.com
Dorethea,Taketa,dtaketa@taketa.net.au
Barb,Latina,blatina@hotmail.com
Bettye,Meray,bmeray@yahoo.com
Sherrell,Sprowl,sherrell_sprowl@hotmail.com
Ruth,Niglio,ruth.niglio@hotmail.com
Alva,Shoulders,alva@gmail.com
Carri,Palaspas,carri_palaspas@palaspas.net.au
Onita,Milbrandt,onita.milbrandt@milbrandt.com.au
Jessenia,Sarp,jsarp@hotmail.com
Tricia,Peressini,tperessini@yahoo.com
Stephaine,Manin,stephaine_manin@yahoo.com
Florinda,Gudgel,fgudgel@gudgel.com.au
Marsha,Farnham,marsha@farnham.com.au
Josefa,Oakland,josefa_oakland@oakland.com.au
Deeann,Nicklous,deeann_nicklous@gmail.com
Jeannetta,Vonstaden,jvonstaden@gmail.com
Desmond,Amuso,desmond@hotmail.com
Trina,Bakey,tbakey@bakey.com.au
Ramonita,Picotte,ramonita_picotte@yahoo.com
Temeka,Bodine,temeka.bodine@gmail.com
Bea,Iida,bea_iida@iida.net.au
Soledad,Mockus,soledad_mockus@yahoo.com
Margurite,Okon,margurite.okon@hotmail.com
Artie,Saine,artie_saine@yahoo.com
Major,Studwell,major@gmail.com
Veronika,Buchauer,veronika.buchauer@buchauer.net.au
Christene,Cisney,christene@hotmail.com
Miles,Feldner,miles@hotmail.com
Julio,Mikel,julio.mikel@mikel.net.au
Aide,Ghera,aide.ghera@ghera.com.au
Noelia,Brackett,noelia@brackett.net.au
Lenora,Delacruz,lenora@delacruz.net.au
